"election_year","state","total_votes","percentage_votes_republican","percentage_votes_democracts","percentage_votes_third","adjusted_percentage_votes_republican","adjusted_percentage_votes_democrats"
1976,"ALABAMA",1182850,0.426148708627468,0.557272688844739,0.016578602527793,0.43333276022145,0.56666723977855
1976,"ALASKA",123574,0.579045753961189,0.356531309175069,0.0644229368637416,0.618918287735808,0.381081712264192
1976,"ARIZONA",742719,0.563661357794805,0.397999781882515,0.0383388603226792,0.586133030168962,0.413866969831038
1976,"ARKANSAS",767535,0.349043366100569,0.649617281296618,0.0013393526028129,0.349511485218008,0.650488514781992
1976,"CALIFORNIA",7803770,0.497483139559469,0.479548218361125,0.0229686420794052,0.509178273068182,0.490821726931818
1976,"COLORADO",1081440,0.540277777777778,0.426099459979287,0.0336227622429353,0.559075438316146,0.440924561683854
1976,"CONNECTICUT",1386355,0.518814445073592,0.467337009640388,0.0138485452860198,0.526100167062135,0.473899832937865
1976,"DELAWARE",235642,0.465876202035291,0.519690887023536,0.0144329109411735,0.472698619106876,0.527301380893124
1976,"DISTRICT OF COLUMBIA",168830,0.165095066042765,0.816312266777232,0.0185926671800036,0.168222776131474,0.831777223868526
1976,"FLORIDA",3150631,0.46642434483759,0.519261062307836,0.0143145928545742,0.473197981279208,0.526802018720792
1976,"GEORGIA",1463152,0.330617051406826,0.669382948593174,0,0.330617051406826,0.669382948593174
1976,"HAWAII",291301,0.480612836893797,0.50591999340888,0.0134671696973234,0.487173687617006,0.512826312382994
1976,"IDAHO",340932,0.59880269379231,0.371185456337334,0.0300118498703554,0.61732990625945,0.38267009374055
1976,"ILLINOIS",4721282,0.50076843535294,0.481075902689142,0.0181556619579174,0.510028337436394,0.489971662563606
1976,"INDIANA",2220362,0.533227464710709,0.457003857929473,0.0097686773598179,0.538487778076948,0.461512221923052
1976,"IOWA",1279303,0.494694376547229,0.484584965406944,0.0207206580458265,0.505161658531524,0.494838341468476
1976,"KANSAS",957845,0.524878242304339,0.449363936753859,0.0257578209418016,0.538755407625381,0.461244592374619
1976,"KENTUCKY",1167142,0.455687482757025,0.527542492687265,0.0167700245557096,0.463459713533565,0.536540286466435
1976,"LOUISIANA",1277383,0.459882431502533,0.51774996222746,0.0223676062700067,0.470404248521193,0.529595751478807
1976,"MAINE",482968,0.489307780225605,0.480940766261947,0.029751453512448,0.504311788970954,0.495688211029046
1976,"MARYLAND",1432273,0.469645800765636,0.530354199234364,0,0.469645800765636,0.530354199234364
1976,"MASSACHUSETTS",2547558,0.404417092760989,0.561115782251081,0.0344671249879296,0.418853778288941,0.58114622171106
1976,"MICHIGAN",3651590,0.518607510700818,0.464650741183977,0.0167417481152046,0.5274377404987,0.4725622595013
1976,"MINNESOTA",1949931,0.420217433334821,0.548963014588721,0.0308195520764581,0.433580180280289,0.566419819719711
1976,"MISSISSIPPI",768390,0.477421621832663,0.496270123244706,0.0263082549226304,0.490321114712467,0.509678885287533
1976,"MISSOURI",1953600,0.47473536036036,0.511049856674857,0.014214782964783,0.481580928742412,0.518419071257588
1976,"MONTANA",328734,0.528399861286025,0.454041869718374,0.0175582689956013,0.537843461459862,0.462156538540138
1976,"NEBRASKA",606749,0.592038882635159,0.384496719401268,0.0234643979635731,0.606264514473968,0.393735485526032
1976,"NEVADA",201876,0.501659434504349,0.458098040381224,0.0402425251144267,0.522693959288162,0.477306040711838
1976,"NEW HAMPSHIRE",339627,0.547468251935211,0.434726921004514,0.0178048270602749,0.557392529528149,0.442607470471851
1976,"NEW JERSEY",3014472,0.500813409446165,0.479239150338766,0.0199474402150692,0.511006684739507,0.488993315260493
1976,"NEW MEXICO",416590,0.507498979812285,0.482844043303968,0.00965697688374661,0.512447675165488,0.487552324834512
1976,"NEW YORK",6668262,0.423785538120728,0.486508328556976,0.089706133322296,0.465548053912981,0.534451946087019
1976,"NORTH CAROLINA",1677906,0.442194020404004,0.552691867124857,0.00511411247113962,0.44446707501535,0.555532924984649
1976,"NORTH DAKOTA",297308,0.516918481843745,0.457700431875362,0.0253810862808939,0.530380105051732,0.469619894948268
1976,"OHIO",4110456,0.486716315659382,0.488986866663942,0.0242968176766763,0.498836454033514,0.501163545966486
1976,"OKLAHOMA",1092251,0.499617761851443,0.48747220190231,0.0129100362462474,0.506152205166257,0.493847794833743
1976,"OREGON",1029876,0.477843934609604,0.476180627570698,0.0459754378196987,0.500871731769203,0.499128268230797
1976,"PENNSYLVANIA",4620787,0.477322153131058,0.503956793507253,0.0187210533616893,0.486428609078264,0.513571390921736
1976,"RHODE ISLAND",410584,0.441441946106034,0.554420045593593,0.00413800830037215,0.44327622681194,0.55672377318806
1976,"SOUTH CAROLINA",802583,0.431293710432441,0.561695176698236,0.00701111286932317,0.434338909550841,0.565661090449159
1976,"SOUTH DAKOTA",300678,0.503877902606775,0.48912125263571,0.00700084475751468,0.507430343668048,0.492569656331952
1976,"TENNESSEE",1476346,0.429417629742621,0.559407483069687,0.0111748871876918,0.434270554194683,0.565729445805317
1976,"TEXAS",4071884,0.479704235189411,0.511389568072175,0.00890619673841396,0.484014967716229,0.515985032283771
1976,"UTAH",541218,0.624347305521989,0.336481787375882,0.0391709071021289,0.649800583825944,0.350199416174055
1976,"VERMONT",183902,0.545872258050483,0.423040532457505,0.031087209492012,0.56338636810057,0.43661363189943
1976,"VIRGINIA",1697094,0.492933214070641,0.479582156321335,0.0274846296080241,0.506864188554637,0.493135811445363
1976,"WASHINGTON",1555534,0.49997749968821,0.461142604404661,0.038879895907129,0.520202935677952,0.479797064322048
1976,"WEST VIRGINIA",750590,0.419304813546677,0.580695186453323,0,0.419304813546677,0.580695186453323
1976,"WISCONSIN",2101336,0.47826097301907,0.495033635744117,0.0267053912368132,0.491383563325003,0.508616436674997
1976,"WYOMING",156343,0.593035825076914,0.398092655251594,0.00887151967149153,0.598344046051782,0.401655953948218
1980,"ALABAMA",1341929,0.487501201628402,0.474488590678046,0.0380102076935516,0.506763383070395,0.493236616929605
1980,"ALASKA",158445,0.543481965350753,0.264079017955758,0.19243901669349,0.672991856448411,0.327008143551589
1980,"ARIZONA",873945,0.606088483829074,0.282446835899284,0.111464680271642,0.682120868323351,0.317879131676649
1980,"ARKANSAS",837582,0.481342722264805,0.475226306200468,0.0434309715347273,0.503197059429235,0.496802940570765
1980,"CALIFORNIA",8582938,0.526975028830454,0.359194369107641,0.113830602061905,0.594666245592095,0.405333754407905
1980,"COLORADO",1184450,0.550689349487104,0.31070032504538,0.138610325467517,0.639303402128646,0.360696597871354
1980,"CONNECTICUT",1406285,0.481559570072923,0.385222056695478,0.1332183732316,0.555571963227126,0.444428036772874
1980,"DELAWARE",235668,0.472070879372677,0.44874144983621,0.0791876707911129,0.512667852501774,0.487332147498226
1980,"DISTRICT OF COLUMBIA",173889,0.134068284940393,0.748931789819943,0.116999925239664,0.151832699421664,0.848167300578336
1980,"FLORIDA",3686927,0.555191627065033,0.385002198307696,0.0598061746272709,0.590507629471969,0.409492370528031
1980,"GEORGIA",1596805,0.409673065903476,0.557961053478665,0.0323658806178588,0.423376003075483,0.576623996924517
1980,"HAWAII",303287,0.429006188857419,0.448021181257357,0.122972629885224,0.489159407649131,0.510840592350869
1980,"IDAHO",437431,0.664559667696162,0.251907157928908,0.08353317437493,0.725132267873312,0.274867732126688
1980,"ILLINOIS",4749721,0.496460528944753,0.417164081848176,0.0863753892070713,0.54339662382111,0.45660337617889
1980,"INDIANA",2242033,0.560052416712867,0.376531924373995,0.0634156589131382,0.597973286701498,0.402026713298502
1980,"IOWA",1317661,0.513050018176147,0.386041629827399,0.100908351996454,0.570631502712084,0.429368497287916
1980,"KANSAS",979795,0.578500604718334,0.33287575462214,0.0886236406595257,0.634754894385203,0.365245105614797
1980,"KENTUCKY",1295627,0.490321674370787,0.476539158260827,0.0331391673683861,0.507127456012696,0.492872543987304
1980,"LOUISIANA",1548591,0.5119834740096,0.457482317797275,0.0305342081931252,0.528108859885993,0.471891140114007
1980,"MAINE",523011,0.456055417572479,0.422503541990513,0.121441040437008,0.519094834340234,0.480905165659766
1980,"MARYLAND",1540496,0.441809650917627,0.471381295374996,0.0868090537073774,0.483808619337815,0.516191380662185
1980,"MASSACHUSETTS",2524090,0.419014773641193,0.417497791283195,0.163487435075611,0.500906730168563,0.499093269831437
1980,"MICHIGAN",3909725,0.489861818925884,0.424974135009496,0.0851640460646209,0.535464108967984,0.464535891032016
1980,"MINNESOTA",2051916,0.42558662245433,0.465015624421273,0.109397753124397,0.477863854428132,0.522136145571868
1980,"MISSISSIPPI",891750,0.494633024950939,0.481391645640594,0.0239753294084665,0.506783322035456,0.493216677964544
1980,"MISSOURI",2099824,0.511557635306578,0.443457165933907,0.0449851987595151,0.535654143414434,0.464345856585566
1980,"MONTANA",363952,0.568245263111619,0.324306501956302,0.107448234932079,0.636652444542953,0.363347555457047
1980,"NEBRASKA",639533,0.655500185291455,0.260227384669751,0.0842724300387939,0.715824451282191,0.284175548717809
1980,"NEVADA",243692,0.636118543078969,0.273566633291204,0.0903148236298278,0.699273286630008,0.300726713369992
1980,"NEW HAMPSHIRE",383990,0.577371806557462,0.283507383004766,0.139120810437772,0.67067692372848,0.32932307627152
1980,"NEW JERSEY",2975684,0.519731597844395,0.385579920448542,0.094688481707063,0.574091445146313,0.425908554853687
1980,"NEW MEXICO",456237,0.549668264520414,0.367848289375916,0.0824834461036698,0.59908266743111,0.40091733256889
1980,"NEW YORK",6201959,0.425301102441986,0.439920999155267,0.134777898402747,0.49155136196458,0.50844863803542
1980,"NORTH CAROLINA",1855833,0.493049751782623,0.471828553539031,0.0351216946783466,0.510996826297446,0.489003173702554
1980,"NORTH DAKOTA",301116,0.643257083648826,0.262985029025359,0.0937578873258146,0.709807097521291,0.290192902478709
1980,"OHIO",4283603,0.515114262456161,0.409098135378092,0.0757876021657469,0.557354850100746,0.442645149899254
1980,"OKLAHOMA",1149708,0.604997094914535,0.349676613540134,0.0453262915453315,0.633721332803691,0.366278667196309
1980,"OREGON",1181516,0.483314656763006,0.386698106500462,0.129987236736532,0.555525938435736,0.444474061564264
1980,"PENNSYLVANIA",4561501,0.495861340378967,0.424759306202059,0.0793793534189733,0.538616358671166,0.461383641328834
1980,"RHODE ISLAND",415967,0.372128077467684,0.47682147862691,0.151050443905406,0.438339445254648,0.561660554745352
1980,"SOUTH CAROLINA",888258,0.49453762307798,0.482089663138413,0.0233727137836079,0.506372932701785,0.493627067298215
1980,"SOUTH DAKOTA",327703,0.605252316884496,0.31691806300217,0.0778296201133343,0.656334588580997,0.343665411419003
1980,"TENNESSEE",1617616,0.486988877459174,0.484077185191047,0.0289339373497789,0.501499224604854,0.498500775395146
1980,"TEXAS",4541636,0.552819512616159,0.414200301389191,0.0329801859946504,0.571673407938155,0.428326592061845
1980,"UTAH",604152,0.727775460480144,0.20568664839312,0.0665378911267363,0.779651850420159,0.220348149579841
1980,"VERMONT",213299,0.443640148336373,0.384211834092049,0.172148017571578,0.535893079623966,0.464106920376034
1980,"VIRGINIA",1866032,0.530327990088059,0.40308740686119,0.0665846030507515,0.568158605291245,0.431841394708755
1980,"WASHINGTON",1742394,0.496583436352513,0.373160720250414,0.130255843397073,0.570953460948888,0.429046539051112
1980,"WEST VIRGINIA",737715,0.453028608609016,0.498108348074799,0.0488630433161858,0.476302182798703,0.523697817201297
1980,"WISCONSIN",2273221,0.478987744702341,0.43180315508259,0.0892091002150693,0.525903085785603,0.474096914214397
1980,"WYOMING",176713,0.626439480966313,0.27970211586018,0.0938584031735073,0.691326259781299,0.308673740218701
1984,"ALABAMA",1441713,0.605424935476062,0.382807812650645,0.0117672518732924,0.612633953513183,0.387366046486817
1984,"ALASKA",207605,0.666539823221984,0.298677777510176,0.0347823992678404,0.690559126477164,0.309440873522836
1984,"ARIZONA",1025897,0.664214828584156,0.325426431698309,0.010358739717535,0.67116727570006,0.32883272429994
1984,"ARKANSAS",884406,0.604670253254727,0.382907850014586,0.012421896730687,0.612275881019441,0.387724118980559
1984,"CALIFORNIA",9505041,0.575169428516931,0.412677756992316,0.0121528144907529,0.582245348221977,0.417754651778023
1984,"COLORADO",1295380,0.634421559696769,0.351228983001127,0.0143494573021044,0.643657698356506,0.356342301643494
1984,"CONNECTICUT",1466900,0.607319517349513,0.388299815938373,0.00438066671211398,0.60999168763018,0.39000831236982
1984,"DELAWARE",254572,0.597826940904734,0.399321213644863,0.00285184545040303,0.599536726991956,0.400463273008044
1984,"DISTRICT OF COLUMBIA",211288,0.137296013024876,0.853848775131574,0.00885521184355004,0.138522660528992,0.861477339471008
1984,"FLORIDA",4180051,0.653185810412361,0.346602469682786,0.000211719904852836,0.653324132135455,0.346675867864545
1984,"GEORGIA",1776103,0.601722985660178,0.397853052441215,0.000423961898606106,0.601978201481398,0.398021798518602
1984,"HAWAII",335846,0.550996587721753,0.438159156279962,0.0108442559982849,0.557037242176494,0.442962757823506
1984,"IDAHO",411144,0.723646702858366,0.263922129472885,0.0124311676687487,0.73275571197415,0.26724428802585
1984,"ILLINOIS",4819088,0.561745915409721,0.432965532067478,0.00528855252280099,0.564732533072207,0.435267466927793
1984,"INDIANA",2233069,0.616743145867862,0.37682713789856,0.00642971623357809,0.620734291216837,0.379265708783163
1984,"IOWA",1319805,0.532721121680854,0.458870818037513,0.00840806028163251,0.537238253300201,0.462761746699799
1984,"KANSAS",1021991,0.66272207876586,0.325980365776215,0.0112975554579248,0.670294771115697,0.329705228884303
1984,"KENTUCKY",1369345,0.600069376234623,0.394012465813948,0.00591815795142933,0.60364182389452,0.39635817610548
1984,"LOUISIANA",1706822,0.607737069243307,0.381753926302801,0.0105090044538915,0.614191611625421,0.385808388374578
1984,"MAINE",553144,0.608340685246518,0.387810407416514,0.00384890733696831,0.610691179006016,0.389308820993984
1984,"MARYLAND",1675873,0.525050525905006,0.470163908601666,0.00478556549332796,0.527575271921446,0.472424728078554
1984,"MASSACHUSETTS",2559383,0.512207825089094,0.484337826734021,0.00345434817688482,0.513983302372594,0.486016697627406
1984,"MICHIGAN",3801658,0.592260271702505,0.402360759437067,0.00537896886042879,0.595463249981686,0.404536750018314
1984,"MINNESOTA",2084449,0.495384151878986,0.497188465632884,0.00742738248812996,0.49909109231805,0.50090890768195
1984,"MISSISSIPPI",941104,0.618823211887315,0.374232815926826,0.00694397218585831,0.623150350589416,0.376849649410584
1984,"MISSOURI",2122771,0.60024750667877,0.39975249332123,0,0.60024750667877,0.39975249332123
1984,"MONTANA",384377,0.604744820839957,0.381765818454278,0.0134893607057654,0.61301398763687,0.38698601236313
1984,"NEBRASKA",652090,0.705506908555568,0.288098268643899,0.00639482280053367,0.71004753673293,0.28995246326707
1984,"NEVADA",282717,0.667699501621763,0.324193451401932,0.00810704697630493,0.673156815547829,0.326843184452171
1984,"NEW HAMPSHIRE",388904,0.686673317836793,0.309451689877193,0.00387499228601403,0.689344522544057,0.310655477455943
1984,"NEW JERSEY",3217862,0.600905197301811,0.391975479371086,0.00711932332710352,0.605213910814963,0.394786089185037
1984,"NEW MEXICO",514370,0.597042984621965,0.392264323347007,0.0106926920310282,0.603495981291882,0.396504018708118
1984,"NEW YORK",6806810,0.49605013214707,0.440923868890126,0.0630259989628034,0.529417178702889,0.470582821297111
1984,"NORTH CAROLINA",2175361,0.618968989514844,0.378919636786722,0.00211137369843442,0.620278629498869,0.379721370501131
1984,"NORTH DAKOTA",308971,0.648397422411812,0.337989649514032,0.0136129280741558,0.657345823831477,0.342654176168523
1984,"OHIO",4563235,0.586986863486101,0.400031994845762,0.0129811416681367,0.594706837190683,0.405293162809317
1984,"OKLAHOMA",1255676,0.68610851843947,0.306671466206251,0.00722001535427929,0.69109825847699,0.30890174152301
1984,"OREGON",1226527,0.559058218856984,0.437396812300096,0.00354496884291989,0.561047113393374,0.438952886606626
1984,"PENNSYLVANIA",4844903,0.533410679223093,0.459891766666949,0.00669755410995844,0.537007314771217,0.462992685228784
1984,"RHODE ISLAND",410489,0.516652090555411,0.480173646553257,0.00317426289133205,0.518297302449253,0.481702697550747
1984,"SOUTH CAROLINA",968529,0.635540081918043,0.355651715126754,0.0088082029552032,0.641187794141238,0.358812205858762
1984,"SOUTH DAKOTA",317867,0.630033945014739,0.365287997810405,0.00467805717485615,0.632995132435679,0.367004867564321
1984,"TENNESSEE",1711993,0.578397224755008,0.415722494192441,0.00588028105255103,0.58181848094453,0.41818151905547
1984,"TEXAS",5397571,0.636106129961051,0.361139482926672,0.00275438711227699,0.637863051730134,0.362136948269866
1984,"UTAH",629656,0.745017914543814,0.246752194849251,0.00822989060693458,0.751200210096817,0.248799789903183
1984,"VERMONT",234561,0.579230988953833,0.408124112704158,0.0126448983420091,0.586649107277791,0.413350892722209
1984,"VIRGINIA",2146635,0.622871610683698,0.370929384827882,0.00619900448842025,0.626756879392198,0.373243120607802
1984,"WASHINGTON",1874910,0.560917590711021,0.425808172125595,0.0132742371633838,0.568463510163663,0.431536489836337
1984,"WEST VIRGINIA",735742,0.551121181066189,0.445978345670085,0.0029004732637256,0.552724343245984,0.447275656754016
1984,"WISCONSIN",2211689,0.541931528347792,0.450217006098054,0.00785146555415341,0.546220157096217,0.453779842903783
1984,"WYOMING",188968,0.705098217687651,0.282428771008848,0.0124730113035011,0.714003997620719,0.285996002379281
1988,"ALABAMA",1378476,0.591650489381027,0.398632983091472,0.00971652752750139,0.597455683980889,0.402544316019111
1988,"ALASKA",200116,0.595909372563913,0.362709628415519,0.0413809990205681,0.621633174342534,0.378366825657466
1988,"ARIZONA",1171873,0.599502676484568,0.387438741228785,0.0130585822866471,0.607434915309925,0.392565084690075
1988,"ARKANSAS",827738,0.563678361993771,0.421917321664585,0.0144043163416443,0.571916427131151,0.428083572868849
1988,"CALIFORNIA",9887065,0.511265678945167,0.475594425646033,0.0131398954087993,0.518073105363759,0.481926894636241
1988,"COLORADO",1372394,0.530588883367313,0.452824043241227,0.0165870733914605,0.539538243814972,0.460461756185028
1988,"CONNECTICUT",1443394,0.519775612202905,0.468745193620037,0.0114791941770577,0.52581150456433,0.47418849543567
1988,"DELAWARE",249891,0.558799636641576,0.434777563017476,0.00642280034094865,0.562411895958693,0.437588104041307
1988,"DISTRICT OF COLUMBIA",192877,0.143044530970515,0.826469719043743,0.0304857499857422,0.147542473943432,0.852457526056568
1988,"FLORIDA",4302313,0.60871559089262,0.385072169319155,0.00621223978822554,0.612520716458516,0.387479283541484
1988,"GEORGIA",1809672,0.597528723437175,0.394984284444916,0.00748699211790866,0.602036163447603,0.397963836552396
1988,"HAWAII",354461,0.447510445436875,0.542694400794446,0.00979515376867977,0.451937240198411,0.548062759801589
1988,"IDAHO",408968,0.620784511257604,0.360106414193776,0.0191090745486199,0.63287822850633,0.36712177149367
1988,"ILLINOIS",4559120,0.506882687887136,0.486045552650512,0.00707175946235238,0.510492769963589,0.489507230036411
1988,"INDIANA",2168621,0.598427756625063,0.396861876741026,0.0047103666339116,0.60125991124932,0.39874008875068
1988,"IOWA",1225614,0.44496472788333,0.547119239825916,0.00791603229075386,0.448515188599175,0.551484811400825
1988,"KANSAS",993044,0.557929960807376,0.425596448898538,0.0164735902940857,0.567275017021865,0.432724982978135
1988,"KENTUCKY",1322517,0.55521479118983,0.438835946910323,0.00594926189984703,0.558537678117885,0.441462321882114
1988,"LOUISIANA",1628202,0.54274715299453,0.440645571004089,0.0166072760013807,0.551912923239497,0.448087076760503
1988,"MAINE",555035,0.553354292972515,0.438835388759267,0.00781031826821732,0.557710187034683,0.442289812965317
1988,"MARYLAND",1714358,0.511075866300971,0.481990342740548,0.00693379095848125,0.51464430231117,0.48535569768883
1988,"MASSACHUSETTS",2632801,0.453750587302269,0.532290514930676,0.0139588977670549,0.46017411066813,0.53982588933187
1988,"MICHIGAN",3669163,0.535676937764825,0.456720783459334,0.0076022787758407,0.539780499600551,0.460219500399449
1988,"MINNESOTA",2096790,0.458957263245246,0.529128334263326,0.0119144024914274,0.46449140074756,0.53550859925244
1988,"MISSISSIPPI",931527,0.59889836794854,0.390671445916221,0.0104301861352382,0.605210829551828,0.394789170448172
1988,"MISSOURI",2093228,0.51831573053676,0.478504491627286,0.0031797778359548,0.519969116809772,0.480030883190228
1988,"MONTANA",365674,0.520715172530724,0.46198526556441,0.0172995619048661,0.529881897213843,0.470118102786157
1988,"NEBRASKA",661465,0.601628204062195,0.391910380745769,0.00646141519203586,0.605540854941714,0.394459145058286
1988,"NEVADA",343133,0.600466874360671,0.386841253974406,0.0126918716649229,0.608185891645856,0.391814108354143
1988,"NEW HAMPSHIRE",450525,0.624908717607236,0.36334498640475,0.011746295988014,0.632336327271339,0.367663672728661
1988,"NEW JERSEY",3099553,0.562401094609449,0.425981423773041,0.0116174816175107,0.569011576135352,0.430988423864648
1988,"NEW MEXICO",521387,0.518503530007461,0.468935742548241,0.0125607274442976,0.525099157404854,0.474900842595146
1988,"NEW YORK",6485683,0.437643036207598,0.501949756101246,0.060407207691156,0.465779473608121,0.534220526391879
1988,"NORTH CAROLINA",2134370,0.57968299779326,0.417063114642728,0.00325388756401186,0.5815753786855,0.4184246213145
1988,"NORTH DAKOTA",297261,0.560312318131205,0.429720010361265,0.00996767150753042,0.565953557278677,0.434046442721323
1988,"OHIO",4393585,0.550017582452598,0.441468413607567,0.00851400393983501,0.554740646502507,0.445259353497493
1988,"OKLAHOMA",1171036,0.579287912583388,0.412816514607578,0.00789557280903405,0.583898122724417,0.416101877275583
1988,"OREGON",1201694,0.466113669536504,0.512781123979982,0.0211052064835141,0.47616319202402,0.52383680797598
1988,"PENNSYLVANIA",4536251,0.507045796187204,0.483867405044386,0.0090867987684103,0.511695469953377,0.488304530046623
1988,"RHODE ISLAND",404622,0.439326087063976,0.556378545902101,0.00429536703392302,0.441221294466894,0.558778705533106
1988,"SOUTH CAROLINA",986009,0.615048138505835,0.375811985488976,0.00913987600518859,0.620721455644183,0.379278544355817
1988,"SOUTH DAKOTA",312991,0.528497624532335,0.465061295692208,0.0064410797754568,0.531923788085859,0.468076211914141
1988,"TENNESSEE",1636250,0.578904812834225,0.415458517952636,0.0056366692131398,0.582186405019708,0.417813594980292
1988,"TEXAS",5427410,0.559535579585843,0.433493692203095,0.006970728211062,0.563463329311373,0.436536670688627
1988,"UTAH",647008,0.662189648350561,0.320464352836441,0.0173459988129977,0.673878748319007,0.326121251680993
1988,"VERMONT",243328,0.510960514203051,0.475798099684377,0.0132413861125723,0.517817130767244,0.482182869232756
1988,"VIRGINIA",2191609,0.597351991162657,0.392314048719457,0.010333960117886,0.603589460575824,0.396410539424176
1988,"WASHINGTON",1865253,0.484564292350689,0.500476879007834,0.0149588286414765,0.491922882454142,0.508077117545858
1988,"WEST VIRGINIA",653311,0.474605509474048,0.521981108537894,0.00341338198805776,0.476231068023794,0.523768931976206
1988,"WISCONSIN",2191608,0.477959105825494,0.514140302462849,0.00790059171165646,0.48176533705439,0.51823466294561
1988,"WYOMING",176551,0.605303849879072,0.38013378570498,0.0145623644159478,0.614248764225773,0.385751235774227
1992,"ALABAMA",1688060,0.476454035993981,0.408800635048517,0.114745328957502,0.53821126459903,0.46178873540097
1992,"ALASKA",258506,0.394574980851508,0.30287111324302,0.302553905905472,0.565742620386702,0.434257379613298
1992,"ARIZONA",1486975,0.384731417811328,0.365204525967148,0.250064056221524,0.513019039830119,0.486980960169881
1992,"ARKANSAS",950653,0.3548339930553,0.53207952849252,0.11308647845218,0.400077329338775,0.599922670661225
1992,"CALIFORNIA",11131721,0.326146693759213,0.460065878402809,0.213787427837978,0.414832712306209,0.585167287693791
1992,"COLORADO",1569180,0.358690526262124,0.401280286519074,0.240029187218802,0.47197934477175,0.52802065522825
1992,"CONNECTICUT",1616156,0.357832412217632,0.42218572959541,0.219981858186957,0.458748832925733,0.541251167074267
1992,"DELAWARE",289620,0.353266349009046,0.435239279055314,0.21149437193564,0.448020072952747,0.551979927047253
1992,"DISTRICT OF COLUMBIA",227572,0.0909514351501942,0.84640904856485,0.062639516284956,0.0970293038060727,0.902970696193927
1992,"FLORIDA",5313392,0.409024969360439,0.389901215645298,0.201073814994264,0.51196841089581,0.48803158910419
1992,"GEORGIA",2321133,0.428778531863534,0.434686853359975,0.136534614776491,0.496578715489034,0.503421284510966
1992,"HAWAII",372842,0.366970459336663,0.480927577901631,0.152101962761706,0.432800222691787,0.567199777308213
1992,"IDAHO",482114,0.420325898024119,0.284192120535807,0.295481981440074,0.596614830211566,0.403385169788434
1992,"ILLINOIS",5050157,0.3433746713221,0.485796778199173,0.170828550478728,0.414117817877532,0.585882182122468
1992,"INDIANA",2305871,0.429067801277695,0.36793905643464,0.202993142287665,0.538348945339388,0.461651054660612
1992,"IOWA",1354607,0.372721387088654,0.432858386233055,0.194420226678291,0.462674708864379,0.537325291135621
1992,"KANSAS",1157236,0.388815245982669,0.337384941360276,0.273799812657055,0.535410555876176,0.464589444123824
1992,"KENTUCKY",1492900,0.413408801661196,0.445511420724764,0.14107977761404,0.481312223052339,0.518687776947661
1992,"LOUISIANA",1790017,0.409708958071348,0.455845391412484,0.134445650516168,0.473348621395844,0.526651378604156
1992,"MAINE",679499,0.303906260347697,0.3876679730213,0.308425766631003,0.439441271354517,0.560558728645483
1992,"MARYLAND",1984580,0.356294026947767,0.498126051859839,0.145579921192393,0.417000999607823,0.582999000392177
1992,"MASSACHUSETTS",2773664,0.290243879575897,0.475414109279278,0.234342011144825,0.379077713287984,0.620922286712016
1992,"MICHIGAN",4274673,0.363756479150569,0.437736874843994,0.198506646005437,0.453848403530289,0.546151596469711
1992,"MINNESOTA",2347948,0.31850833153034,0.434846512784781,0.246645155684879,0.422786597755136,0.577213402244864
1992,"MISSISSIPPI",981793,0.496838946702615,0.407680641438674,0.0954804118587116,0.549284894673842,0.450715105326158
1992,"MISSOURI",2391270,0.339216817841565,0.440716857569409,0.220066324589026,0.434930338996864,0.565069661003136
1992,"MONTANA",410583,0.351224965475921,0.376311245229345,0.272463789294735,0.482759428751247,0.517240571248753
1992,"NEBRASKA",737546,0.465975003592996,0.294034541574356,0.239990454832648,0.613117304323316,0.386882695676684
1992,"NEVADA",506318,0.3472679225309,0.373575499982225,0.279156577486876,0.481752224803823,0.518247775196177
1992,"NEW HAMPSHIRE",537215,0.376914270822669,0.389117950913508,0.233967778263824,0.492034486445505,0.507965513554495
1992,"NEW JERSEY",3343594,0.405810334627948,0.429539591230275,0.164650074141777,0.485796816479066,0.514203183520935
1992,"NEW MEXICO",569986,0.373384609446548,0.458988466383385,0.167626924170067,0.448578432302436,0.551421567697564
1992,"NEW YORK",7079432,0.288397430754332,0.47276306912758,0.238839500118089,0.378891745957751,0.621108254042249
1992,"NORTH CAROLINA",2611850,0.434428087371021,0.426533683021613,0.139038229607366,0.504584642791867,0.495415357208133
1992,"NORTH DAKOTA",308133,0.442159716745691,0.321835051747135,0.236005231507174,0.578747047729088,0.421252952270912
1992,"OHIO",4939967,0.383466124368847,0.401812805632102,0.214721069999051,0.488318366530455,0.511681633469545
1992,"OKLAHOMA",1390359,0.426457483283095,0.340247374958554,0.233295141758352,0.556221183026187,0.443778816973813
1992,"OREGON",1462643,0.325272127238157,0.424788550589583,0.249939322172259,0.433661084834072,0.566338915165928
1992,"PENNSYLVANIA",4959810,0.361272105181448,0.451461648732512,0.18726624608604,0.444514705389847,0.555485294610153
1992,"RHODE ISLAND",453365,0.290276046893783,0.470479635613689,0.239244317492528,0.381562771817918,0.618437228182082
1992,"SOUTH CAROLINA",1228912,0.469933567252985,0.427625411746325,0.10244102100069,0.523568454272403,0.476431545727597
1992,"SOUTH DAKOTA",336254,0.406591445752318,0.371409708137301,0.221998846110381,0.522610337683386,0.477389662316614
1992,"TENNESSEE",1982638,0.42433364033172,0.470847930888039,0.104818428780241,0.47401963352924,0.52598036647076
1992,"TEXAS",6154018,0.405600211114105,0.37078458334051,0.223615205545385,0.522421631658855,0.477578368341145
1992,"UTAH",743998,0.433646327006255,0.246545017594133,0.319808655399611,0.637535791139803,0.362464208860197
1992,"VERMONT",289701,0.304182588254787,0.461137517647506,0.234679894097708,0.397457986414931,0.602542013585069
1992,"VIRGINIA",2559129,0.449573663539431,0.405860744026581,0.144565592433988,0.525550129341435,0.474449870658566
1992,"WASHINGTON",2287565,0.31965605348919,0.434102200374634,0.246241746136175,0.424082989274888,0.575917010725112
1992,"WEST VIRGINIA",683677,0.353930291643569,0.484148216189809,0.161921492166623,0.422311619180593,0.577688380819407
1992,"WISCONSIN",2531064,0.367772209631997,0.411315557409848,0.220912232958155,0.472054914978845,0.527945085021155
1992,"WYOMING",199884,0.396965239839107,0.340997778711653,0.262036981449241,0.537920234293966,0.462079765706034
1996,"ALABAMA",1534349,0.501218432051639,0.431560876958241,0.0672206909901202,0.53733871153689,0.462661288463111
1996,"ALASKA",241620,0.508012581739922,0.332671136495323,0.159316281764755,0.604285025058338,0.395714974941662
1996,"ARIZONA",1404405,0.442944164966659,0.465170659460768,0.0918851755725734,0.487762288481457,0.512237711518543
1996,"ARKANSAS",884262,0.368008576643574,0.537364491519482,0.0946269318369442,0.406471751352445,0.593528248647555
1996,"CALIFORNIA",10019469,0.382094200800462,0.510988656185273,0.106917143014266,0.42783734769031,0.572162652309689
1996,"COLORADO",1510702,0.457964575409313,0.444264984093488,0.0977704404971993,0.507592076302274,0.492407923697726
1996,"CONNECTICUT",1392614,0.346908044871012,0.528315814719657,0.124776140409331,0.396364931176873,0.603635068823127
1996,"DELAWARE",270810,0.365798899597504,0.518278497839814,0.115922602562682,0.4137634336743,0.5862365663257
1996,"DISTRICT OF COLUMBIA",185726,0.0933579574211473,0.851900110916081,0.054741931662772,0.0987645179113574,0.901235482088643
1996,"FLORIDA",5303154,0.423245487496686,0.480255711978193,0.0964988005251215,0.468450388048936,0.531549611951064
1996,"GEORGIA",2298899,0.470156801146984,0.458414658495219,0.0714285403577974,0.506322691985542,0.493677308014458
1996,"HAWAII",360120,0.31640286571143,0.569288015106076,0.114309119182495,0.357238481917512,0.642761518082488
1996,"IDAHO",491711,0.521841081448249,0.33646389850949,0.141695020042261,0.607990275757159,0.392009724242841
1996,"ILLINOIS",4311391,0.368099529826917,0.543152778302873,0.0887476918702108,0.403949078145422,0.596050921854578
1996,"INDIANA",2135431,0.471423801565117,0.415571376457493,0.11300482197739,0.531484063550457,0.468515936449543
1996,"IOWA",1234075,0.399201021007637,0.502609646901525,0.0981893320908373,0.442666110762673,0.557333889237327
1996,"KANSAS",1074300,0.542907009215303,0.360847994042632,0.0962449967420646,0.600723655479842,0.399276344520159
1996,"KENTUCKY",1388708,0.44882221460523,0.458421784853259,0.0927560005415105,0.494709488156572,0.505290511843428
1996,"LOUISIANA",1783959,0.399440794323188,0.520099957454179,0.0804592482226329,0.434391617284079,0.565608382715921
1996,"MAINE",605897,0.307606738439042,0.516239558868917,0.176153702692042,0.373378795831447,0.626621204168553
1996,"MARYLAND",1780870,0.382694974927985,0.542547743518617,0.0747572815533981,0.413615765137276,0.586384234862724
1996,"MASSACHUSETTS",2556459,0.280879920233417,0.614720987115381,0.104399092651202,0.313621745945849,0.686378254054151
1996,"MICHIGAN",3848844,0.384845943353381,0.516948205746972,0.0982058508996468,0.426755866333032,0.573244133666968
1996,"MINNESOTA",2192492,0.349554297119442,0.511007565820081,0.139438137060477,0.406193107286242,0.593806892713758
1996,"MISSISSIPPI",893857,0.492067523104926,0.440811002207288,0.0671214746877856,0.527472237545871,0.472527762454129
1996,"MISSOURI",2158065,0.412413898561906,0.475395782796162,0.112190318641932,0.464529625235718,0.535470374764281
1996,"MONTANA",407083,0.441315407423056,0.412500644831644,0.1461839477453,0.516874104507242,0.483125895492758
1996,"NEBRASKA",677415,0.536549973059351,0.349506580161349,0.113943446779301,0.60554822500783,0.39445177499217
1996,"NEVADA",464279,0.429147129204638,0.439334968844165,0.131517901951197,0.49413468644753,0.50586531355247
1996,"NEW HAMPSHIRE",496597,0.395664895277257,0.495705773494403,0.10862933122834,0.443883682893108,0.556116317106892
1996,"NEW JERSEY",3075860,0.358631082038844,0.537202928611835,0.10416598934932,0.400332067966873,0.599667932033127
1996,"NEW MEXICO",556074,0.418561198689383,0.491832022356737,0.0896067789538802,0.459758694389684,0.540241305610316
1996,"NEW YORK",6439129,0.270022079073117,0.566789390304186,0.163188530622698,0.322679706187642,0.677320293812358
1996,"NORTH CAROLINA",2515807,0.487294136632898,0.440355321374016,0.0723505419930861,0.525299866697346,0.474700133302654
1996,"NORTH DAKOTA",266411,0.469387525289872,0.401278475738614,0.129333998971514,0.539113190058416,0.460886809941583
1996,"OHIO",4534434,0.410168722270519,0.473757474472007,0.116073803257474,0.464030508182795,0.535969491817205
1996,"OKLAHOMA",1206713,0.48256296236139,0.404491374502471,0.112945663136139,0.544006091067058,0.455993908932942
1996,"OREGON",1377760,0.390599233538497,0.471519713157589,0.137881053303914,0.453068842803418,0.546931157196582
1996,"PENNSYLVANIA",4501307,0.400143558304288,0.492261247677619,0.107595194018093,0.448387946391675,0.551612053608325
1996,"RHODE ISLAND",390247,0.268248058281037,0.597185884837039,0.134566056881923,0.309957866125016,0.690042133874984
1996,"SOUTH CAROLINA",1150182,0.498476762807973,0.440062529234504,0.0614607079575232,0.531119759219855,0.468880240780145
1996,"SOUTH DAKOTA",323826,0.464888551259009,0.430271195024488,0.104840253716502,0.519335853951345,0.480664146048655
1996,"TENNESSEE",1894105,0.45590397575636,0.479987117926409,0.0641089063172316,0.487133576581394,0.512866423418606
1996,"TEXAS",5611644,0.487587416450509,0.438317719370651,0.0740948641788396,0.526606233821223,0.473393766178777
1996,"UTAH",665629,0.54371278895601,0.332967764325172,0.123319446718818,0.620194878192561,0.379805121807439
1996,"VERMONT",258449,0.310900796675553,0.533544335632949,0.155554867691498,0.36817169615938,0.63182830384062
1996,"VIRGINIA",2416642,0.471046187230049,0.451477711634574,0.0774761011353771,0.510605945070669,0.489394054929331
1996,"WASHINGTON",2253837,0.373013665140824,0.498404720483336,0.12858161437584,0.428053471552187,0.571946528447813
1996,"WEST VIRGINIA",636459,0.36757434493031,0.515055958042859,0.117369697026831,0.416453348238921,0.583546651761079
1996,"WISCONSIN",2196169,0.384774122574356,0.488109521626068,0.127116355799576,0.440808033385498,0.559191966614502
1996,"WYOMING",211571,0.498121198084804,0.368358612475245,0.133520189439952,0.57487917434896,0.42512082565104
2000,"ALABAMA",1666272,0.564837553532677,0.415665029478981,0.0194974169883428,0.576069419213311,0.423930580786689
2000,"ALASKA",285560,0.586209553158706,0.276663398235047,0.137127048606247,0.679369485637292,0.320630514362708
2000,"ARIZONA",1532016,0.51021138160437,0.447345850173889,0.0424427682217418,0.532825991671399,0.467174008328601
2000,"ARKANSAS",921781,0.513071976966329,0.45864256260435,0.0282854604293211,0.528006895104208,0.471993104895792
2000,"CALIFORNIA",10965822,0.416514968052555,0.534497368277545,0.0489876636699009,0.437970100009282,0.562029899990718
2000,"COLORADO",1741368,0.507502147736722,0.42393509011306,0.0685627621502175,0.54485919943279,0.45514080056721
2000,"CONNECTICUT",1459525,0.384436032270773,0.559096281324403,0.0564676864048235,0.407443419511455,0.592556580488545
2000,"DELAWARE",327529,0.419162883286671,0.549777271630909,0.0310598450824202,0.432599352147116,0.567400647852884
2000,"DISTRICT OF COLUMBIA",201894,0.0895172714394682,0.851550813793377,0.058931914767155,0.0951230552222152,0.904876944777785
2000,"FLORIDA",5963110,0.488468265720404,0.488378212040361,0.0231535222392342,0.500046094080336,0.499953905919664
2000,"GEORGIA",2583208,0.549595696513792,0.432109996562414,0.018294306923794,0.559837536229027,0.440162463770973
2000,"HAWAII",367951,0.374628686971907,0.557916679123035,0.067454633905058,0.401727037195707,0.598272962804293
2000,"IDAHO",501615,0.671704394804781,0.276381288438344,0.0519143167568753,0.70848490455744,0.29151509544256
2000,"ILLINOIS",4742108,0.425848799732102,0.545965212095549,0.0281859881723487,0.438199896841604,0.561800103158396
2000,"INDIANA",2199302,0.566468816015263,0.41012102930839,0.0234101546763473,0.580047825325819,0.419952174674181
2000,"IOWA",1353022,0.468856382231775,0.471919155786085,0.0592244619821407,0.498372208124818,0.501627791875182
2000,"KANSAS",1072216,0.580416632469577,0.372383922642453,0.0471994448879703,0.609169074635281,0.390830925364719
2000,"KENTUCKY",1544106,0.565064833631888,0.413781825859106,0.0211533405090065,0.577276152656766,0.422723847343234
2000,"LOUISIANA",1765656,0.525510631742537,0.448753324543399,0.0257360437140643,0.539392459663472,0.460607540336528
2000,"MAINE",651817,0.439718509949879,0.49086016473949,0.0694213253106317,0.472521584589996,0.527478415410004
2000,"MARYLAND",2025212,0.401847806550623,0.564883083845049,0.0332691096043278,0.415677010575457,0.584322989424543
2000,"MASSACHUSETTS",2733964,0.32132902993602,0.591261260206791,0.087409709857189,0.352106562393662,0.647893437606338
2000,"MICHIGAN",4232501,0.461462147321406,0.512797988706914,0.0257398639716801,0.473653935182659,0.526346064817341
2000,"MINNESOTA",2438685,0.455023506520932,0.479055720603522,0.0659207728755456,0.487135880241887,0.512864119758113
2000,"MISSISSIPPI",994184,0.576195150998206,0.406981001504752,0.0168238474970428,0.586054848392463,0.413945151607537
2000,"MISSOURI",2359892,0.504228159593744,0.470842733481024,0.0249291069252322,0.517119486567507,0.482880513432493
2000,"MONTANA",410986,0.584394602249225,0.333651267926401,0.0819541298243736,0.636563619786697,0.363436380213303
2000,"NEBRASKA",697019,0.622453620346074,0.332530390132837,0.0450159895210891,0.65179480862085,0.34820519137915
2000,"NEVADA",609426,0.494850892479153,0.459412627620088,0.0457364799007591,0.518568384996724,0.481431615003276
2000,"NEW HAMPSHIRE",569081,0.480703098504431,0.468031791607873,0.0512651098876961,0.506678001952188,0.493321998047812
2000,"NEW JERSEY",3187226,0.4029124385908,0.561256089150879,0.0358314722583212,0.417885905832791,0.582114094167209
2000,"NEW MEXICO",598605,0.478474118993326,0.479085540548442,0.0424403404582321,0.499680739706909,0.500319260293091
2000,"NEW YORK",6960215,0.324498165645745,0.566392704823055,0.1091091295312,0.364240084169893,0.635759915830107
2000,"NORTH CAROLINA",2914990,0.559577562873286,0.431456711686833,0.00896572543988144,0.56463996981503,0.43536003018497
2000,"NORTH DAKOTA",288256,0.606585812611012,0.330553396980462,0.0628607904085258,0.647273965706163,0.352726034293837
2000,"OHIO",4701998,0.499864738351654,0.464404280903565,0.0357309807447813,0.518387222206661,0.481612777793339
2000,"OKLAHOMA",1234229,0.603078521084823,0.384269045695734,0.0126524332194431,0.610806712221189,0.389193287778811
2000,"OREGON",1533950,0.465189217379967,0.469599400241207,0.0652113823788259,0.497641080144694,0.502358919855306
2000,"PENNSYLVANIA",4912185,0.464381329286254,0.506081713127661,0.0295369575860844,0.478515212831969,0.521484787168032
2000,"RHODE ISLAND",409112,0.319117992139072,0.609877001896791,0.071005005964137,0.343508839324007,0.656491160675993
2000,"SOUTH CAROLINA",1383902,0.568603846226106,0.409015233737649,0.0223809200362453,0.581621060676503,0.418378939323497
2000,"SOUTH DAKOTA",316269,0.602967726840127,0.375642253904113,0.0213900192557601,0.616147125723739,0.383852874276261
2000,"TENNESSEE",2076181,0.51149153180768,0.472848947177534,0.0156595210147863,0.51962866785179,0.48037133214821
2000,"TEXAS",6407637,0.592985994681035,0.37981958091571,0.0271944244032551,0.609562701485629,0.390437298514371
2000,"UTAH",770754,0.668301429509286,0.263447221811369,0.0682513486793452,0.717255054313241,0.282744945686759
2000,"VERMONT",294308,0.406971607975318,0.506347092161953,0.0866812998627288,0.445596491032266,0.554403508967734
2000,"VIRGINIA",2739447,0.52473729186949,0.444356105447559,0.0309066026829502,0.541472363058333,0.458527636941667
2000,"WASHINGTON",2487433,0.445786479475025,0.501582153167543,0.0526313673574323,0.470552289905946,0.529447710094054
2000,"WEST VIRGINIA",648124,0.51915219927051,0.455926643666953,0.0249211570625374,0.532420740159374,0.467579259840626
2000,"WISCONSIN",2598607,0.476131635141443,0.478328196606874,0.0455401682516825,0.498849316968422,0.501150683031578
2000,"WYOMING",213726,0.692227431384109,0.282983820405566,0.0247887482103254,0.70982305640317,0.29017694359683
2004,"ALABAMA",1883415,0.624606897577008,0.368444023223772,0.00694907919922056,0.628977713522823,0.371022286477178
2004,"ALASKA",312598,0.610653299125394,0.355168619121044,0.0341780817535621,0.632262829812463,0.367737170187537
2004,"ARIZONA",2012585,0.548694340860138,0.443968329287956,0.00733732985190688,0.552750050304883,0.447249949695117
2004,"ARKANSAS",1054945,0.543059590784354,0.445476304451891,0.0114641047637555,0.549357482516678,0.450642517483322
2004,"CALIFORNIA",12421353,0.443576959772418,0.543055575346744,0.0133674648808387,0.449586795471775,0.550413204528225
2004,"COLORADO",2129630,0.517110953545921,0.470378422542883,0.0125106239111958,0.523662295582426,0.476337704417574
2004,"CONNECTICUT",1578769,0.43947277910828,0.543137089719902,0.017390131171818,0.447250524394159,0.552749475605841
2004,"DELAWARE",375190,0.457528185719236,0.533468376022815,0.0090034382579493,0.461684937549084,0.538315062450916
2004,"DISTRICT OF COLUMBIA",227586,0.09339766066454,0.891838689550324,0.0147636497851362,0.0947972135256393,0.905202786474361
2004,"FLORIDA",7609810,0.52097516232337,0.470911100277142,0.00811373739948829,0.525236795756688,0.474763204243312
2004,"GEORGIA",3301875,0.579747567669885,0.413749460533788,0.00650297179632784,0.583542326964096,0.416457673035904
2004,"HAWAII",429013,0.452645957115519,0.540095521580931,0.00725852130355024,0.455955519970697,0.544044480029303
2004,"IDAHO",598376,0.683909448239903,0.302649170421274,0.0134413813388237,0.693227381833643,0.306772618166357
2004,"ILLINOIS",5274322,0.444786268263485,0.548231602090278,0.006982129646237,0.447913659504466,0.552086340495535
2004,"INDIANA",2468002,0.599447650366572,0.392629746653366,0.00792260298006242,0.604234762496585,0.395765237503415
2004,"IOWA",1506908,0.499006575053022,0.49233131684217,0.00866210810480799,0.503366792627129,0.496633207372871
2004,"KANSAS",1187756,0.620039806155473,0.366230943055644,0.0137292507888826,0.628670987810822,0.371329012189178
2004,"KENTUCKY",1795882,0.595495138322006,0.396870729814097,0.00763413186389752,0.600076199154739,0.399923800845261
2004,"LOUISIANA",1943106,0.5672202134109,0.422158647032123,0.0106211395569773,0.573309412692435,0.426690587307565
2004,"MAINE",740752,0.445764574378469,0.535728556925935,0.0185068686955958,0.454169835896914,0.545830164103086
2004,"MARYLAND",2384238,0.429782177785943,0.559717612084028,0.010500210130029,0.434342869180821,0.565657130819179
2004,"MASSACHUSETTS",2927455,0.365884018712499,0.616166602048537,0.0179493792389635,0.372571444870081,0.627428555129919
2004,"MICHIGAN",4839252,0.478120585578102,0.512307067290565,0.00957234713133352,0.482741555320348,0.517258444679652
2004,"MINNESOTA",2828387,0.476135337915215,0.510896846860065,0.01296781522472,0.48239089389331,0.517609106106689
2004,"MISSISSIPPI",1139824,0.590143741489914,0.401611125928213,0.00824513258187229,0.595050007696214,0.404949992303786
2004,"MISSOURI",2731364,0.532961919392655,0.461004465168319,0.00603361543902607,0.536197126654399,0.463802873345601
2004,"MONTANA",450434,0.590681431685885,0.38565028394837,0.023668284365745,0.605000761756634,0.394999238243366
2004,"NEBRASKA",778186,0.658986411988908,0.326821608201638,0.0141919798094543,0.668473372595947,0.331526627404053
2004,"NEVADA",829587,0.504696915453111,0.47878040518957,0.0165226793573188,0.513175957248615,0.486824042751385
2004,"NEW HAMPSHIRE",678287,0.488343429846068,0.502016108225574,0.00964046192835776,0.493097113798627,0.506902886201373
2004,"NEW JERSEY",3611691,0.462388116812872,0.529234090070275,0.00837779311685302,0.466294636811578,0.533705363188422
2004,"NEW MEXICO",756304,0.498384247604138,0.490466796420487,0.011148955975375,0.504003358863549,0.495996641136451
2004,"NEW YORK",7448266,0.376865299923499,0.561305812654919,0.0618288874215824,0.401702093435539,0.598297906564461
2004,"NORTH CAROLINA",3501007,0.560171973377945,0.435831462205017,0.00399656441703773,0.562419720018411,0.437580279981589
2004,"NORTH DAKOTA",312833,0.628613349614651,0.354988124654368,0.0163985257309811,0.639093541499433,0.360906458500567
2004,"OHIO",5627903,0.508140243355296,0.487066852431536,0.00479290421316785,0.510587440047892,0.489412559952108
2004,"OKLAHOMA",1463758,0.655704016647561,0.344295983352439,0,0.655704016647561,0.344295983352439
2004,"OREGON",1836782,0.471929167424332,0.513486630422119,0.014584202153549,0.478913742255499,0.521086257744501
2004,"PENNSYLVANIA",5769590,0.484236661530542,0.509238091441506,0.00652524702795173,0.487417179029376,0.512582820970624
2004,"RHODE ISLAND",437134,0.386714371336936,0.59423426226283,0.0190513664002343,0.394224894241219,0.605775105758781
2004,"SOUTH CAROLINA",1617700,0.579819496816468,0.409018359399147,0.0111621437843852,0.586364582597492,0.413635417402508
2004,"SOUTH DAKOTA",388215,0.599111317182489,0.384436459178548,0.0164522236389629,0.609132908010937,0.390867091989063
2004,"TENNESSEE",2437319,0.567990894913633,0.425252911087962,0.00675619399840563,0.571854454547407,0.428145545452593
2004,"TEXAS",7410749,0.610858227690615,0.382242604627413,0.00689916768197115,0.615101918971099,0.384898081028901
2004,"UTAH",927844,0.715359478533029,0.259956415087019,0.0246841063799518,0.73346439160122,0.26653560839878
2004,"VERMONT",312309,0.388013153639504,0.589374625771271,0.0226122205892241,0.396989978607488,0.603010021392512
2004,"VIRGINIA",3195415,0.537319565690216,0.455259176038167,0.0074212582716173,0.541336967135301,0.458663032864699
2004,"WASHINGTON",2859084,0.456402819924144,0.528211483118369,0.0153856969574871,0.46353462316547,0.53646537683453
2004,"WEST VIRGINIA",755792,0.560707178694667,0.432051410970214,0.00724141033511866,0.564797106297455,0.435202893702545
2004,"WISCONSIN",2997007,0.49319871458425,0.496997170844112,0.00980411457163764,0.498081967257308,0.501918032742693
2004,"WYOMING",243861,0.687395688527481,0.290230910231648,0.0223734012408708,0.703127031731717,0.296872968268283
2008,"ALABAMA",2099819,0.603169130291706,0.387404342945749,0.00942652676254477,0.608909027535727,0.391090972464273
2008,"ALASKA",326197,0.594245195388063,0.378893735993893,0.0268610686180437,0.610647849165971,0.389352150834029
2008,"ARIZONA",2293475,0.536352478226272,0.451152508747643,0.0124950130260849,0.543139007196163,0.456860992803837
2008,"ARKANSAS",1086617,0.587159044999296,0.388646597651242,0.0241943573494617,0.601717206107173,0.398282793892827
2008,"CALIFORNIA",13561900,0.369548588324645,0.610126383471343,0.0203250282040127,0.377215504084146,0.622784495915854
2008,"COLORADO",2401361,0.447075221093372,0.536602368406916,0.0163224104997125,0.454493653068266,0.545506346931734
2008,"CONNECTICUT",1646792,0.382214633056269,0.605888296761218,0.0118970701825124,0.386816617502458,0.613183382497542
2008,"DELAWARE",412412,0.369470335489753,0.619426689815039,0.0111029746952077,0.373618613501114,0.626381386498886
2008,"DISTRICT OF COLUMBIA",265853,0.0653255746596803,0.924571097561434,0.0101033277788853,0.0659923166658434,0.934007683334157
2008,"FLORIDA",8390744,0.482153191659762,0.510333052706649,0.00751375563358863,0.485803399691007,0.514196600308993
2008,"GEORGIA",3924486,0.522045179929295,0.469901790960651,0.00805302911005416,0.526283355108118,0.473716644891882
2008,"HAWAII",456064,0.264362019365703,0.714529101178782,0.021108879455515,0.270062741215446,0.729937258784554
2008,"IDAHO",655122,0.615170914730386,0.360909876328379,0.0239192089412354,0.630245898050206,0.369754101949795
2008,"ILLINOIS",5522371,0.367809225421472,0.619181145200132,0.0130096293783956,0.372657359554406,0.627342640445594
2008,"INDIANA",2751054,0.489139071788485,0.499459116396843,0.0114018118146718,0.494780465546219,0.505219534453781
2008,"IOWA",1537123,0.443932593553021,0.539280200738653,0.0167872057083265,0.451512222105326,0.548487777894673
2008,"KANSAS",1235872,0.566122543434919,0.416519671940136,0.017357784624945,0.576122758189094,0.423877241810906
2008,"KENTUCKY",1826620,0.573990211428759,0.411681137839288,0.014328650731953,0.582334275877046,0.417665724122954
2008,"LOUISIANA",1960761,0.585627213107564,0.399329138023451,0.0150436488689851,0.594571741615854,0.405428258384146
2008,"MAINE",731163,0.403840183379082,0.57705737297976,0.019102443641158,0.411704750165924,0.588295249834076
2008,"MARYLAND",2631596,0.364745196451127,0.619193447626459,0.0160613559224136,0.370699127071145,0.629300872928855
2008,"MASSACHUSETTS",3102995,0.357349592893318,0.613631991028023,0.0290184160786595,0.36802921786647,0.63197078213353
2008,"MICHIGAN",5001596,0.409597056619527,0.574332473074595,0.0160704703058784,0.416286984238455,0.583713015761545
2008,"MINNESOTA",2910369,0.438229310441391,0.540602926982798,0.0211677625758108,0.447706250046073,0.552293749953927
2008,"MISSISSIPPI",1289865,0.561761889810174,0.430015544262384,0.00822256592744202,0.566419309928638,0.433580690071362
2008,"MISSOURI",2925205,0.494260744118788,0.492926478657051,0.0128127772241604,0.500675791496766,0.499324208503234
2008,"MONTANA",490109,0.495324509445858,0.472684647700818,0.0319908428533245,0.511694032839407,0.488305967160593
2008,"NEBRASKA",801281,0.565318533697916,0.415982657769247,0.0186988085328368,0.576090744221656,0.423909255778344
2008,"NEVADA",967848,0.42654115108984,0.551466759243187,0.0219920896669725,0.436132618748039,0.563867381251961
2008,"NEW HAMPSHIRE",710970,0.445214284709622,0.541268970561346,0.0135167447290322,0.451314588798905,0.548685411201095
2008,"NEW JERSEY",3868237,0.417039338592749,0.57272137151886,0.010239289888391,0.42135370128576,0.57864629871424
2008,"NEW MEXICO",830158,0.417790348343327,0.569074802627934,0.0131348490287391,0.423350999812024,0.576649000187976
2008,"NEW YORK",7722019,0.313172371111752,0.601569615407577,0.0852580134806713,0.342361426202157,0.657638573797843
2008,"NORTH CAROLINA",4310851,0.493747986186486,0.497036663990474,0.00921534982303958,0.498340366999327,0.501659633000673
2008,"NORTH DAKOTA",316621,0.53250100277619,0.446205400147179,0.021293597076631,0.544086562819681,0.455913437180319
2008,"OHIO",5708350,0.469105783632749,0.515042700605254,0.0158515157619978,0.476661592377459,0.523338407622541
2008,"OKLAHOMA",1462661,0.656450811226935,0.343549188773065,0,0.656450811226935,0.343549188773065
2008,"OREGON",1827864,0.404009816922922,0.567488062569206,0.0285021205078715,0.415862788227728,0.584137211772272
2008,"PENNSYLVANIA",6013272,0.441670524799144,0.544855280120374,0.013474195080482,0.447702961845156,0.552297038154845
2008,"RHODE ISLAND",471766,0.350578464747354,0.628640046124562,0.0207814891280847,0.358018624908542,0.641981375091458
2008,"SOUTH CAROLINA",1920969,0.538736439786379,0.448965600173662,0.012297960039959,0.545444291892091,0.454555708107909
2008,"SOUTH DAKOTA",381975,0.531589763727993,0.447474311146017,0.0209359251259899,0.542957072341154,0.457042927658846
2008,"TENNESSEE",2599749,0.568969542828942,0.41828538062713,0.0127450765439279,0.576314718023545,0.423685281976455
2008,"TEXAS",8077795,0.554523604523264,0.436831214458896,0.00864518101783964,0.559359367509407,0.440640632490593
2008,"UTAH",952370,0.625838697145017,0.344057456660752,0.0301038461942312,0.645263613727401,0.354736386272599
2008,"VERMONT",325046,0.304492287245498,0.674556831956092,0.0209508807984101,0.311008182606619,0.688991817393381
2008,"VIRGINIA",3723260,0.463305006902553,0.526294698731757,0.0104002943656903,0.468174155938724,0.531825844061276
2008,"WASHINGTON",3036878,0.404763049421149,0.576528922136484,0.0187080284423675,0.41247973197891,0.58752026802109
2008,"WEST VIRGINIA",713451,0.557103431069548,0.425897503822968,0.0169990651074846,0.566737437671373,0.433262562328627
2008,"WISCONSIN",2983417,0.423136624883481,0.562177865179423,0.0146855099370956,0.429443217521816,0.570556782478184
2008,"WYOMING",254904,0.647137745974955,0.325094937702037,0.0277673163230079,0.665620233550959,0.334379766449041
2012,"ALABAMA",2074338,0.605458223298228,0.383590330987525,0.0109514457142471,0.612162285334377,0.387837714665623
2012,"ALASKA",300495,0.548015773972945,0.408126591124644,0.043857634902411,0.573152904815604,0.426847095184396
2012,"ARIZONA",2299254,0.536545331659747,0.445897669417994,0.0175569989222591,0.546133802237032,0.453866197762968
2012,"ARKANSAS",1069468,0.605669360841091,0.368789903017201,0.0255407361417078,0.621544053512296,0.378455946487704
2012,"CALIFORNIA",13038547,0.371203785207048,0.602389591416896,0.0264066233760556,0.381271888367034,0.618728111632966
2012,"COLORADO",2569516,0.46127091639048,0.514922265516152,0.0238068180933686,0.472520116857975,0.527479883142025
2012,"CONNECTICUT",1558204,0.40745114246915,0.580850132588544,0.0116987249423054,0.412274225230929,0.587725774769071
2012,"DELAWARE",413890,0.399826040735461,0.586107419845853,0.0140665394186861,0.405530450807218,0.594469549192782
2012,"DISTRICT OF COLUMBIA",293764,0.0727829141760052,0.909131139281873,0.0180859465421222,0.0741235079788248,0.925876492021175
2012,"FLORIDA",8474179,0.491309777619755,0.500078650686987,0.00861157169325784,0.495577478606338,0.504422521393662
2012,"GEORGIA",3897839,0.533292421775245,0.455079596668821,0.0116279815559339,0.539566490980567,0.460433509019433
2012,"HAWAII",437159,0.276821476853959,0.701479324456319,0.0216991986897216,0.282961514989256,0.717038485010744
2012,"IDAHO",652274,0.645297834958928,0.326223335592098,0.0284788294489739,0.664213868435753,0.335786131564247
2012,"ILLINOIS",5242014,0.407327412708169,0.576021353624771,0.01665123366706,0.414224766078831,0.585775233921169
2012,"INDIANA",2624534,0.541255323802245,0.439273029040584,0.0194716471571715,0.552003745973273,0.447996254026727
2012,"IOWA",1582180,0.461778685105361,0.519880165341491,0.0183411495531482,0.470406480718998,0.529593519281002
2012,"KANSAS",1159971,0.597113203692161,0.37994570553919,0.0229410907686485,0.61113326745253,0.388866732547469
2012,"KENTUCKY",1797212,0.604931415993216,0.378013278344458,0.0170553056623259,0.615427723938049,0.384572276061951
2012,"LOUISIANA",1994065,0.577845757284743,0.405774636233022,0.016379606482236,0.58746825614114,0.41253174385886
2012,"MAINE",724758,0.403273920398257,0.553710341934825,0.0430157376669178,0.421400786064229,0.578599213935771
2012,"MARYLAND",2707327,0.358977323389454,0.619741907793185,0.0212807688173612,0.36678274213094,0.63321725786906
2012,"MASSACHUSETTS",3184196,0.373191223153349,0.603383083202165,0.0234256936444867,0.3821431925094,0.6178568074906
2012,"MICHIGAN",4730961,0.447109160274202,0.542082042105188,0.0108087976206103,0.451994679288221,0.548005320711779
2012,"MINNESOTA",2936561,0.449582011066686,0.526523031532463,0.0238949574008509,0.460587735383018,0.539412264616982
2012,"MISSISSIPPI",1285584,0.552858467435811,0.437893595439893,0.00924793712429526,0.558018991987878,0.441981008012122
2012,"MISSOURI",2757323,0.537637411358771,0.443834835454533,0.0185277531866959,0.5477866675338,0.4522133324662
2012,"MONTANA",484048,0.553515353849205,0.416981373748058,0.0295032724027369,0.570342318638815,0.429657681361185
2012,"NEBRASKA",794379,0.59803192179048,0.38027314417929,0.0216949340302299,0.611293902682254,0.388706097317746
2012,"NEVADA",1014918,0.456753156412636,0.523562494704006,0.0196843488833581,0.465924578366535,0.534075421633465
2012,"NEW HAMPSHIRE",710972,0.464037964926889,0.51979684150712,0.0161651935659913,0.471662480217419,0.528337519782581
2012,"NEW JERSEY",3638499,0.406235648271444,0.583423549106376,0.0103408026221802,0.410480344494142,0.589519655505858
2012,"NEW MEXICO",783758,0.428433266390901,0.529927605204668,0.041639128404431,0.447047953530913,0.552952046469087
2012,"NEW YORK",7116784,0.312415973282314,0.607609841748745,0.079974184968941,0.339573051297226,0.660426948702774
2012,"NORTH CAROLINA",4505372,0.50393064102143,0.483509685770676,0.0125596732078949,0.51034034903005,0.48965965096995
2012,"NORTH DAKOTA",322932,0.583156825585572,0.386973108889797,0.0298700655246306,0.601112082889117,0.398887917110883
2012,"OHIO",5580822,0.476884408784226,0.506667476583199,0.0164481146325756,0.484859432307505,0.515140567692495
2012,"OKLAHOMA",1334872,0.667723197430166,0.332276802569834,0,0.667723197430166,0.332276802569834
2012,"OREGON",1789270,0.421498711765133,0.54239326652769,0.0361080217071767,0.437288328212526,0.562711671787474
2012,"PENNSYLVANIA",5742040,0.466808660336744,0.520768577021407,0.0124227626418485,0.472680659981082,0.527319340018918
2012,"RHODE ISLAND",446049,0.35243661570814,0.627009588632639,0.0205537956592213,0.359832540211179,0.640167459788821
2012,"SOUTH CAROLINA",1964118,0.545611312558614,0.440880334073615,0.0135083533677712,0.553082547045654,0.446917452954346
2012,"SOUTH DAKOTA",363815,0.578893118755411,0.398661407583525,0.022445473661064,0.592184991381952,0.407815008618048
2012,"TENNESSEE",2458577,0.594787147199376,0.390758149937952,0.0144547028626722,0.60351071526294,0.39648928473706
2012,"TEXAS",7993851,0.571669774680564,0.413833582837609,0.0144966424818276,0.580078972151064,0.419921027848936
2012,"UTAH",1017440,0.727905331026891,0.247496658279604,0.0245980106935053,0.746261888951475,0.253738111048525
2012,"VERMONT",299290,0.309726352367269,0.665705503023823,0.0245681446089077,0.317527411736094,0.682472588263906
2012,"VIRGINIA",3854489,0.472831028963891,0.511564567962186,0.0156044030739224,0.480326233112355,0.519673766887645
2012,"WASHINGTON",3125516,0.412946214321091,0.561633982996728,0.0254198026821811,0.423717017293782,0.576282982706218
2012,"WEST VIRGINIA",670438,0.622958424194333,0.355393041563873,0.0216485342417942,0.636742976320427,0.363257023679573
2012,"WISCONSIN",3071434,0.459383467136198,0.527761625351546,0.0128549075122565,0.465365700171276,0.534634299828724
2012,"WYOMING",250701,0.681935851871353,0.276369061152528,0.041695086976119,0.711606340115214,0.288393659884786
2016,"ALABAMA",2123372,0.620830923644091,0.343579457579736,0.035589618776173,0.643741435939607,0.356258564060393
2016,"ALASKA",318608,0.512815120775373,0.36550871290112,0.121676166323507,0.583856547110681,0.416143452889319
2016,"ARIZONA",2573165,0.48671616472321,0.451276540758171,0.0620072945186181,0.518891204461367,0.481108795538633
2016,"ARKANSAS",1130635,0.605741021638283,0.336531241293609,0.0577277370681077,0.642851376897705,0.357148623102295
2016,"CALIFORNIA",14181595,0.316171065384394,0.617263996045579,0.0665649385700268,0.338717794572701,0.661282205427299
2016,"COLORADO",2780220,0.43251397371431,0.481569803828474,0.0859162224572156,0.473166666273176,0.526833333726824
2016,"CONNECTICUT",1644920,0.409269143788148,0.545663010967099,0.0450678452447535,0.428584524827364,0.571415475172636
2016,"DELAWARE",441590,0.419228243393193,0.533533368056342,0.0472383885504654,0.440013785563188,0.559986214436812
2016,"DISTRICT OF COLUMBIA",312575,0.0407038310805407,0.904838838678717,0.0544573302407422,0.0430481165814592,0.956951883418541
2016,"FLORIDA",9420039,0.490219414165907,0.47823315805805,0.0315474277760421,0.506188354727755,0.493811645272245
2016,"GEORGIA",4114732,0.50771326054771,0.456399833573608,0.0358869058786818,0.526611725993032,0.473388274006968
2016,"HAWAII",437664,0.294397071726256,0.60980798055129,0.0957949477224538,0.325586625494645,0.674413374505355
2016,"IDAHO",690255,0.592614323691969,0.274920138209792,0.132465538098239,0.683101766808056,0.316898233191944
2016,"ILLINOIS",5536424,0.387617530738253,0.558253666987933,0.0541288022738143,0.409799486092885,0.590200513907115
2016,"INDIANA",2734958,0.569400334484113,0.37774839686752,0.0528512686483668,0.601173095245081,0.398826904754919
2016,"IOWA",1565580,0.511620613446774,0.417525134454962,0.0708542520982639,0.550635478451203,0.449364521548797
2016,"KANSAS",1184402,0.566545818058396,0.360523707322345,0.0729304746192593,0.611114703426067,0.388885296573933
2016,"KENTUCKY",1924149,0.625196385519001,0.326821883336478,0.0479817311445216,0.656706290175099,0.343293709824901
2016,"LOUISIANA",2029032,0.580886846535688,0.38449566098514,0.0346174924791723,0.601716772378078,0.398283227621922
2016,"MAINE",771892,0.434766780844989,0.46345214097309,0.101781078181922,0.484032088708375,0.515967911291625
2016,"MARYLAND",2781446,0.339186164318847,0.603285485319506,0.0575283503616464,0.359890044914348,0.640109955085651
2016,"MASSACHUSETTS",3378821,0.322862027908552,0.590500650966713,0.0866373211247355,0.353487213103705,0.646512786896295
2016,"MICHIGAN",4799284,0.474975642199961,0.472745309508668,0.0522790482913701,0.501176682169616,0.498823317830385
2016,"MINNESOTA",2944782,0.449251931042773,0.46445033961767,0.0862977293395572,0.491683062928195,0.508316937071805
2016,"MISSISSIPPI",1209357,0.579410380888356,0.401147882717841,0.0194417363938027,0.590898473240601,0.409101526759399
2016,"MISSOURI",2808605,0.567723478381617,0.381352308352367,0.0509242132660164,0.598185609955661,0.401814390044339
2016,"MONTANA",494526,0.564661918685772,0.359352187751503,0.0759858935627247,0.611096643170244,0.388903356829756
2016,"NEBRASKA",844227,0.587473511271258,0.336987563771355,0.075538924957387,0.635476741131776,0.364523258868224
2016,"NEVADA",1125385,0.455006953176024,0.47917823678119,0.0658148100427854,0.487062905800148,0.512937094199852
2016,"NEW HAMPSHIRE",744296,0.464586669819534,0.468262626696906,0.0671507034835603,0.498029715576193,0.501970284423807
2016,"NEW JERSEY",3874046,0.413503866500295,0.554530844496942,0.0319652890027635,0.427158098570987,0.572841901429013
2016,"NEW MEXICO",798319,0.400425143332427,0.482556471786341,0.117018384881232,0.453492050656759,0.546507949343241
2016,"NEW YORK",7802084,0.323906023057429,0.56136142599849,0.114732550944081,0.365884935002246,0.634115064997754
2016,"NORTH CAROLINA",4741564,0.498280946961804,0.461728661682095,0.0399903913561011,0.519037458037187,0.480962541962813
2016,"NORTH DAKOTA",344360,0.629556278313393,0.27226739458706,0.098176327099547,0.698092428965197,0.301907571034803
2016,"OHIO",5496487,0.516876506757862,0.4355807627672,0.0475427304749379,0.542676845771359,0.457323154228641
2016,"OKLAHOMA",1452992,0.653228648196274,0.289316802845439,0.0574545489582875,0.693047372383281,0.306952627616719
2016,"OREGON",2001336,0.390940351844968,0.500718520028621,0.108341128126412,0.438441610549456,0.561558389450543
2016,"PENNSYLVANIA",6115402,0.48577885803746,0.478536161645629,0.0356849803169113,0.503755358074902,0.496244641925098
2016,"RHODE ISLAND",464144,0.388980574993967,0.544066065703747,0.0669533593022855,0.416892959073402,0.583107040926598
2016,"SOUTH CAROLINA",2103027,0.549393326856954,0.406734197896651,0.0438724752463948,0.57460256360524,0.42539743639476
2016,"SOUTH DAKOTA",370093,0.615307503789588,0.31737428159949,0.0673182146109221,0.659718580794312,0.340281419205687
2016,"TENNESSEE",2508027,0.607220336942146,0.347163327986501,0.0456163350713529,0.63624343045262,0.36375656954738
2016,"TEXAS",8969226,0.522346855793354,0.43235257981012,0.0453005643965265,0.54713225577972,0.45286774422028
2016,"UTAH",1131317,0.455408165881004,0.27461268592269,0.269979148196306,0.623828983454113,0.376171016545887
2016,"VERMONT",320467,0.297593824013081,0.557227421232139,0.14517875475478,0.348135736761796,0.651864263238204
2016,"VIRGINIA",3982752,0.44427647013924,0.497513528334177,0.0582100015265826,0.471736237228453,0.528263762771547
2016,"WASHINGTON",3317019,0.368326801866375,0.525386800618266,0.106286397515359,0.412130687999352,0.587869312000648
2016,"WEST VIRGINIA",713051,0.686305748116194,0.264769280177715,0.0489249717060911,0.721610522512958,0.278389477487042
2016,"WISCONSIN",2976150,0.472181845673101,0.464538413722427,0.0632797406044722,0.504079890380297,0.495920109619703
2016,"WYOMING",258788,0.673984110546084,0.21628900876393,0.109726880689986,0.757053196291538,0.242946803708462
2020,"ALABAMA",2323282,0.620316431668648,0.365699902121223,0.0139836662101286,0.629113748333547,0.370886251666453
2020,"ALASKA",359530,0.528331432703808,0.427719522710205,0.0439490445859873,0.552618487238493,0.447381512761507
2020,"ARIZONA",3387326,0.490559810304647,0.493646906143666,0.0157932835516865,0.498431683208707,0.501568316791293
2020,"ARKANSAS",1219069,0.623957298561443,0.34775061953015,0.0282920819084072,0.642124332779831,0.357875667220169
2020,"CALIFORNIA",17500881,0.343207236252849,0.634839468938735,0.0219532948084156,0.350910886393324,0.649089113606676
2020,"COLORADO",3279980,0.416041256349124,0.550110671406533,0.033848072244343,0.430616805076999,0.569383194923001
2020,"CONNECTICUT",1823857,0.391871182883307,0.592607315156835,0.0155215019598576,0.398049509119222,0.601950490880778
2020,"DELAWARE",504346,0.397748767711055,0.587430057936417,0.0148211743525278,0.403732558350155,0.596267441649845
2020,"DISTRICT OF COLUMBIA",344356,0.053973213767148,0.921496939214069,0.0245298470187829,0.0553304615238056,0.944669538476195
2020,"FLORIDA",11067456,0.51219819622504,0.478614507254422,0.00918729652053733,0.516947546621416,0.483052453378584
2020,"GEORGIA",4999960,0.492374738997912,0.494730557844463,0.0128947031576253,0.498806703370914,0.501193296629086
2020,"HAWAII",579784,0.339547141694148,0.631493797690174,0.0289590606156776,0.349673353534851,0.650326646465149
2020,"IDAHO",868014,0.638375648319036,0.33066402154804,0.0309603301329241,0.658771429250779,0.341228570749221
2020,"ILLINOIS",6033743,0.405534508181737,0.575416453766758,0.0190490380515047,0.413409562671931,0.586590437328069
2020,"INDIANA",3033118,0.570211577657051,0.409616770597121,0.0201716517458272,0.58195048007443,0.41804951992557
2020,"IOWA",1700130,0.528001976319458,0.446472328586637,0.0255256950939046,0.541832630846371,0.45816736915363
2020,"KANSAS",1372303,0.562125128342647,0.415595535388322,0.022279336269031,0.574934282556314,0.425065717443686
2020,"KENTUCKY",2136768,0.620865718692904,0.36151514811154,0.0176191331955552,0.63200102900263,0.36799897099737
2020,"LOUISIANA",2148062,0.584608824140085,0.398514568015262,0.0168766078446525,0.59464440456291,0.40535559543709
2020,"MAINE",828305,0.435512281104183,0.525255793457724,0.0392319254380935,0.45329595417996,0.54670404582004
2020,"MARYLAND",3037030,0.321502915677488,0.653606648600771,0.0248904357217413,0.329709529529077,0.670290470470923
2020,"MASSACHUSETTS",3658005,0.31908157588631,0.651229837028654,0.0296885870850368,0.328844504598518,0.671155495401481
2020,"MICHIGAN",5539302,0.478372906911376,0.506208182908244,0.0154189101803801,0.485864406555905,0.514135593444095
2020,"MINNESOTA",3277171,0.452849424091694,0.5239509930974,0.0231995828109061,0.463604863514333,0.536395136485667
2020,"MISSISSIPPI",1313759,0.576029545753825,0.410576064559786,0.0133943896863884,0.583849858273889,0.416150141726111
2020,"MISSOURI",3025962,0.567996557788895,0.414087817361884,0.0179156248492215,0.578358206444014,0.421641793555986
2020,"MONTANA",603674,0.569184692400203,0.405493693616091,0.0253216139837064,0.583971800920481,0.416028199079519
2020,"NEBRASKA",956383,0.582241633320542,0.39166630941788,0.0260920572615783,0.597840522466017,0.402159477533983
2020,"NEVADA",1405376,0.476662473245594,0.50056781957284,0.0227697071815656,0.487768826599562,0.512231173400438
2020,"NEW HAMPSHIRE",806182,0.453562595046776,0.527078252801477,0.0193591521517474,0.46251652278405,0.53748347721595
2020,"NEW JERSEY",4549353,0.413965238573485,0.57334196752813,0.0126927938983851,0.419287164132052,0.580712835867949
2020,"NEW MEXICO",923965,0.434966692461295,0.542892858495722,0.0221404490429832,0.444815098482803,0.555184901517197
2020,"NEW YORK",8661735,0.374612938400909,0.603918845358349,0.0214682162407416,0.382831651069878,0.617168348930122
2020,"NORTH CAROLINA",5524802,0.499343324882955,0.485862117773632,0.0147945573434125,0.506841825331867,0.493158174668133
2020,"NORTH DAKOTA",361819,0.651140487370757,0.317567623590801,0.0312918890384419,0.672174084228966,0.327825915771034
2020,"OHIO",5922202,0.532713001008746,0.45239338340705,0.0148936155842033,0.540766976477027,0.459233023522973
2020,"OKLAHOMA",1560699,0.65373271848063,0.322861743359866,0.0234055381595042,0.669400394969065,0.330599605030935
2020,"OREGON",2374321,0.403672460463434,0.564533186540489,0.0317943529960776,0.416928430145583,0.583071569854417
2020,"PENNSYLVANIA",6915283,0.488436120401725,0.500084956754481,0.011478922843794,0.494107947406509,0.505892052593491
2020,"RHODE ISLAND",516990,0.386703804715759,0.594761987659336,0.0185342076249057,0.394006401160407,0.605993598839593
2020,"SOUTH CAROLINA",2514096,0.550934809171965,0.434168384978139,0.0148968058498959,0.559266087495821,0.440733912504179
2020,"SOUTH DAKOTA",422609,0.617693896722502,0.356052521361353,0.0262535819161447,0.634347798616815,0.365652201383185
2020,"TENNESSEE",3053851,0.606602941662838,0.374514342710237,0.0188827156269248,0.618277703720663,0.381722296279337
2020,"TEXAS",11315056,0.520576036035526,0.464790099138705,0.0146338648257684,0.528307212367795,0.471692787632205
2020,"UTAH",1488289,0.581298390299196,0.376460485833061,0.0422411238677434,0.606936051218516,0.393063948781484
2020,"VERMONT",370968,0.303810571262211,0.654557805525005,0.0416316232127839,0.317008134471934,0.682991865528066
2020,"VIRGINIA",4460524,0.439955036672821,0.541095171778024,0.0189497915491543,0.448453130006001,0.551546869993999
2020,"WASHINGTON",4087631,0.387669777433433,0.579703011353031,0.0326272112135366,0.400744968152093,0.599255031847907
2020,"WEST VIRGINIA",794652,0.686315519246161,0.296965212445196,0.0167192683086433,0.69798532313922,0.30201467686078
2020,"WISCONSIN",3298041,0.488224373196088,0.494495368614277,0.0172802581896344,0.49680936733466,0.50319063266534
2020,"WYOMING",278503,0.694997899484027,0.263878665579904,0.0411234349360689,0.724804343755851,0.275195656244149
